2.585926628112792969e+01,8.274826812744140625e+01
-5.675241088867187500e+01,5.574660778045654297e+00
-5.982643127441406250e+01,-7.998394966125488281e+00
2.091211891174316406e+01,8.383265686035156250e+01
-5.433159637451171875e+01,-1.014827728271484375e+01
-6.077370834350585938e+01,5.742037296295166016e+00
3.239897155761718750e+01,5.760223770141601562e+01
-5.797047042846679688e+01,-7.352063179016113281e+00
-5.733593940734863281e+00,1.850161590576171875e+02
-4.350373458862304688e+01,-2.557084083557128906e+01
-4.260182571411132812e+01,-2.687292098999023438e+01
-2.601543045043945312e+01,1.344482994079589844e+01
-5.993532943725585938e+01,-4.994136810302734375e+00
2.016187286376953125e+01,8.835791015625000000e+01
-3.529162406921386719e+00,1.608050994873046875e+02
-5.579793930053710938e+01,1.991521418094635010e-01
-5.417873001098632812e+01,4.419580936431884766e+00
2.096772956848144531e+01,8.539282226562500000e+01
-5.835970687866210938e+01,-4.799539089202880859e+00
5.303427124023437500e+01,-2.527484130859375000e+01
-1.965864944458007812e+01,1.688853149414062500e+02
2.267978858947753906e+01,8.474152374267578125e+01
-1.254539203643798828e+01,1.251439208984375000e+02
1.805541753768920898e+00,1.323998413085937500e+02
-3.193644905090332031e+01,1.588131561279296875e+02
4.445498466491699219e+00,1.485942687988281250e+02
-2.834209632873535156e+01,1.670502777099609375e+02
-2.011023330688476562e+01,1.346008300781250000e+02
-8.554125785827636719e+00,1.393657836914062500e+02
-4.019857883453369141e+00,1.493588409423828125e+02
-1.473441600799560547e+01,1.279104080200195312e+02
1.573906898498535156e+00,1.704522857666015625e+02
7.583951473236083984e+00,1.635731811523437500e+02
-1.875152969360351562e+01,1.508898162841796875e+02
2.805871725082397461e+00,1.791620483398437500e+02
2.074618530273437500e+01,7.373220062255859375e+01
-1.885404586791992188e+01,1.414102020263671875e+02
-1.480976486206054688e+01,1.454703521728515625e+02
-1.142447090148925781e+01,2.729860305786132812e+01
-1.752150154113769531e+01,1.617487945556640625e+02
-1.776334285736083984e+00,1.549359893798828125e+02
-1.054002094268798828e+01,1.392802734375000000e+02
2.918330430984497070e+00,1.676831665039062500e+02
-1.768434524536132812e+00,1.824342041015625000e+02
-2.655170249938964844e+01,1.712046966552734375e+02
2.791626930236816406e+00,1.525042572021484375e+02
-1.216435623168945312e+01,1.634642944335937500e+02
-3.889206886291503906e+00,1.737109832763671875e+02
-4.351576805114746094e+00,1.832924652099609375e+02
-3.741258382797241211e+00,1.402341003417968750e+02
-5.588167190551757812e+00,1.678413848876953125e+02
-2.725845336914062500e+01,1.609967651367187500e+02
-2.613136863708496094e+01,1.504268951416015625e+02
-1.578077077865600586e+00,1.527937011718750000e+02
-1.905675125122070312e+01,1.633006591796875000e+02
5.087060928344726562e+00,1.655911712646484375e+02
-1.485195732116699219e+01,1.740677185058593750e+02
2.163334655761718750e+01,7.961717224121093750e+01
4.547502994537353516e+00,1.772361145019531250e+02
-1.454841709136962891e+01,1.316971435546875000e+02
-1.182818317413330078e+01,1.699556579589843750e+02
-2.409575462341308594e+01,1.455151062011718750e+02
-1.495994567871093750e+00,1.249854736328125000e+02
-1.251002597808837891e+01,1.422209625244140625e+02
-1.511502838134765625e+01,1.725717010498046875e+02
4.982030868530273438e+00,1.329183654785156250e+02
-1.367455387115478516e+01,1.553382568359375000e+02
-1.226478958129882812e+01,1.345042724609375000e+02
-1.338947296142578125e+01,1.668473968505859375e+02
-7.657861709594726562e+00,1.412059326171875000e+02
-1.463121414184570312e+01,1.356558685302734375e+02
-1.622874450683593750e+01,1.497978668212890625e+02
-1.704104042053222656e+01,1.634798736572265625e+02
-1.945794486999511719e+01,1.797544860839843750e+02
-9.636254310607910156e+00,1.733670043945312500e+02
-2.289052724838256836e+00,1.769468688964843750e+02
-2.931129264831542969e+01,1.558067626953125000e+02
-1.082588958740234375e+01,1.275919876098632812e+02
-2.045046615600585938e+01,1.297719726562500000e+02
2.705880546569824219e+01,7.391820526123046875e+01
-1.181707382202148438e+01,1.564915008544921875e+02
-1.068287944793701172e+01,1.618830108642578125e+02
-9.911662101745605469e+00,1.672335510253906250e+02
-1.261242675781250000e+01,1.466571960449218750e+02
-2.930542564392089844e+01,1.459341735839843750e+02
-1.871470832824707031e+01,1.667563629150390625e+02
-1.519845867156982422e+01,1.260332107543945312e+02
-9.276735037565231323e-02,1.812562713623046875e+02
-2.679905700683593750e+01,1.630166168212890625e+02
-5.184690475463867188e+00,1.342902526855468750e+02
-7.117771148681640625e+00,1.487194519042968750e+02
-1.641967010498046875e+01,1.800717620849609375e+02
4.207793235778808594e+00,1.677049713134765625e+02
-7.022100448608398438e+00,1.302723693847656250e+02
6.527722835540771484e+00,1.758493652343750000e+02
-2.082063674926757812e+01,1.555383453369140625e+02
-4.291676521301269531e+00,1.332151947021484375e+02
-1.394397258758544922e+01,1.242534713745117188e+02
-1.165641212463378906e+01,1.384077911376953125e+02
1.075211167335510254e+00,1.797939147949218750e+02
-2.063738632202148438e+01,1.799115753173828125e+02
-2.861264419555664062e+01,1.478907318115234375e+02
-1.471933650970458984e+01,1.810449218750000000e+02
-9.874548912048339844e+00,1.635296325683593750e+02
-3.380996322631835938e+01,1.587063903808593750e+02
-2.641965866088867188e+01,1.599455261230468750e+02
-7.049438476562500000e+00,1.752379913330078125e+02
-3.000246429443359375e+01,1.585763397216796875e+02
-8.689676284790039062e+00,1.322177581787109375e+02
-1.479499435424804688e+01,1.550977020263671875e+02
-2.578320312500000000e+01,1.462095489501953125e+02
-9.510271072387695312e+00,1.782284698486328125e+02
4.890790581703186035e-01,1.757946166992187500e+02
-2.111433792114257812e+01,1.537145233154296875e+02
-1.712345123291015625e+01,1.398134918212890625e+02
-1.195833110809326172e+01,1.613273468017578125e+02
-2.935940980911254883e+00,1.753814544677734375e+02
2.740277767181396484e+00,1.259335861206054688e+02
-4.836862981319427490e-01,1.366136474609375000e+02
-4.587205410003662109e+00,1.272579421997070312e+02
-1.710340309143066406e+01,1.480257720947265625e+02
-6.860775470733642578e+00,1.570203399658203125e+02
-3.776229858398437500e+00,1.696212310791015625e+02
-1.670312309265136719e+01,1.746524505615234375e+02
9.966399669647216797e-01,1.451095275878906250e+02
-9.618340492248535156e+00,1.600130004882812500e+02
2.730112075805664062e+00,1.311867980957031250e+02
-8.541923522949218750e+00,1.748745574951171875e+02
-1.122714710235595703e+01,1.458815612792968750e+02
-2.109036254882812500e+01,1.632863922119140625e+02
2.040270805358886719e+01,8.117944335937500000e+01
1.351448535919189453e+00,1.492874755859375000e+02
-1.161789894104003906e+01,1.507693023681640625e+02
-1.810851669311523438e+01,1.350988159179687500e+02
-6.017998218536376953e+00,1.322976531982421875e+02
-9.731710433959960938e+00,1.364479064941406250e+02
-3.052958297729492188e+01,1.660625152587890625e+02
-1.414011478424072266e+01,1.703064270019531250e+02
4.454339504241943359e+00,1.711371307373046875e+02
-1.547839260101318359e+01,1.520754852294921875e+02
-8.384228944778442383e-01,1.493553161621093750e+02
-5.340498924255371094e+00,1.522199096679687500e+02
9.259886741638183594e+00,1.623547821044921875e+02
-1.906660795211791992e+00,1.471066131591796875e+02
-1.514795684814453125e+01,1.433560943603515625e+02
4.109551906585693359e+00,1.542959442138671875e+02
1.429262161254882812e+00,1.664264678955078125e+02
-1.304614353179931641e+01,1.686432189941406250e+02
-1.020362854003906250e+01,1.260223236083984375e+02
-2.925770521163940430e+00,1.502563323974609375e+02
-1.178579235076904297e+01,1.486975402832031250e+02
-1.675207901000976562e+01,1.595751342773437500e+02
-1.630519485473632812e+01,1.351644287109375000e+02
-5.587990283966064453e+00,1.773715972900390625e+02
7.866005301475524902e-01,1.340877838134765625e+02
-2.815176010131835938e+00,1.255969238281250000e+02
-1.311755847930908203e+01,1.752673950195312500e+02
-7.099459171295166016e+00,1.665676574707031250e+02
-2.699319458007812500e+01,1.699335632324218750e+02
-1.829601669311523438e+01,1.590912780761718750e+02
-1.280656695365905762e+00,1.376685028076171875e+02
2.542648506164550781e+01,7.101116180419921875e+01
2.174859237670898438e+01,6.301424026489257812e+01
1.501146984100341797e+01,6.223146057128906250e+01
4.361296653747558594e+00,6.066675186157226562e+01
6.259378433227539062e+01,-2.910679101943969727e+00
-7.636608123779296875e+01,-1.711734962463378906e+01
1.112579345703125000e+01,6.822230529785156250e+01
1.260413551330566406e+01,6.064142608642578125e+01
2.104548645019531250e+01,7.560635375976562500e+01
6.175492286682128906e+00,6.358926773071289062e+01
3.483053207397460938e+01,5.719479370117187500e+01
3.067812919616699219e+01,4.445497512817382812e+01
7.753911495208740234e+00,6.352006530761718750e+01
-5.040610885620117188e+01,-4.281119537353515625e+01
7.857388496398925781e+00,1.359881782531738281e+01
1.213486480712890625e+01,5.208929061889648438e+01
1.795550727844238281e+01,5.410726547241210938e+01
2.247876167297363281e+01,6.200618362426757812e+01
2.230411529541015625e+01,7.734701538085937500e+01
2.405990028381347656e+01,6.223753738403320312e+01
2.527486991882324219e+01,7.684726715087890625e+01
-2.760970354080200195e+00,6.647858428955078125e+01
1.109019470214843750e+01,5.479611206054687500e+01
2.766344261169433594e+01,8.220800018310546875e+01
-8.494786262512207031e+00,6.543708038330078125e+01
1.274657726287841797e+01,6.177988433837890625e+01
2.944119262695312500e+01,6.591295623779296875e+01
2.580771064758300781e+01,7.310752868652343750e+01
6.039797782897949219e+00,5.209948730468750000e+01
1.815151596069335938e+01,7.173405456542968750e+01
-5.783069610595703125e+00,6.472345733642578125e+01
2.109750938415527344e+01,-2.800520896911621094e+01
9.333620071411132812e+00,5.655898284912109375e+01
1.314966773986816406e+01,6.888830566406250000e+01
-4.919504165649414062e+01,1.385411643981933594e+01
4.058817386627197266e+00,6.460900115966796875e+01
1.918412017822265625e+01,7.712399291992187500e+01
1.473214340209960938e+01,6.903522491455078125e+01
3.609875106811523438e+01,5.718866729736328125e+01
2.785587120056152344e+01,6.639008331298828125e+01
1.630056953430175781e+01,6.786387634277343750e+01
2.706209945678710938e+01,3.860760116577148438e+01
-1.823920249938964844e+01,-1.068832302093505859e+01
-4.446720600128173828e+00,6.486076354980468750e+01
1.521243762969970703e+01,8.179675292968750000e+01
1.061092281341552734e+01,6.317845153808593750e+01
2.549090385437011719e+01,4.820222473144531250e+01
3.010024785995483398e+00,6.299532318115234375e+01
1.991913414001464844e+01,5.400570678710937500e+01
2.005520439147949219e+01,6.734227752685546875e+01
2.509681701660156250e+01,3.979932022094726562e+01
4.586499404907226562e+01,6.213579177856445312e+00
1.611411285400390625e+01,5.542012023925781250e+01
2.207105827331542969e+01,4.287100982666015625e+01
-1.424742794036865234e+01,1.638376235961914062e+01
2.106409645080566406e+01,7.074885559082031250e+01
2.625291824340820312e+01,4.309915161132812500e+01
6.673418521881103516e+00,6.020794296264648438e+01
2.205908775329589844e+01,6.780764770507812500e+01
7.582291126251220703e+00,5.919514846801757812e+01
8.712504386901855469e+00,5.188153457641601562e+01
1.860276794433593750e+01,7.027246856689453125e+01
-2.015915632247924805e+00,6.914389801025390625e+01
-4.192738533020019531e+00,1.622371292114257812e+01
1.613482093811035156e+01,8.100998687744140625e+01
2.962098312377929688e+01,5.454644775390625000e+01
-6.996442794799804688e+00,8.221837043762207031e+00
7.360636138916015625e+01,-3.352449417114257812e+00
-3.157732582092285156e+01,-2.928040313720703125e+01
-6.076586532592773438e+01,-2.388578224182128906e+01
2.787131118774414062e+01,-3.817545700073242188e+01
2.264516448974609375e+01,-1.628351974487304688e+01
2.442822074890136719e+01,-6.375261306762695312e+00
-1.512908267974853516e+01,-7.993127441406250000e+01
2.061124038696289062e+01,3.480149841308593750e+01
-3.443938827514648438e+01,-3.911075973510742188e+01
-7.122076416015625000e+01,-1.840285873413085938e+01
-6.438906860351562500e+01,1.216582965850830078e+01
-2.619075584411621094e+01,7.831892490386962891e+00
6.740060424804687500e+01,-2.313912582397460938e+01
-6.231771850585937500e+01,-3.906745910644531250e+01
-3.108968734741210938e+01,-5.644684219360351562e+01
-1.141350364685058594e+01,-8.317932128906250000e+01
-2.868523597717285156e+01,-1.616237640380859375e+01
-5.872659206390380859e+00,-5.515203857421875000e+01
-3.821420669555664062e+01,-6.446427154541015625e+01
-3.138507270812988281e+01,-6.599353027343750000e+01
4.328958034515380859e+00,-1.640599250793457031e+01
-1.991658020019531250e+01,-4.299576950073242188e+01
-3.043499565124511719e+01,-4.113933563232421875e+01
-2.152086830139160156e+01,-3.773410415649414062e+01
7.471436309814453125e+01,-4.280900478363037109e+00
-2.148059272766113281e+01,-4.111611557006835938e+01
-6.676355838775634766e+00,-3.364638519287109375e+01
4.731450271606445312e+01,2.458336257934570312e+01
2.121764755249023438e+01,1.467088508605957031e+01
1.119479942321777344e+01,-5.884732055664062500e+01
-1.078292179107666016e+01,-1.623934555053710938e+01
2.194942474365234375e+01,-2.501741409301757812e+00
-6.364575576782226562e+01,-2.245056343078613281e+01
-1.736619377136230469e+01,-7.983536529541015625e+01
1.424739646911621094e+01,-3.983629989624023438e+01
-3.000217819213867188e+01,-3.668508148193359375e+01
-6.169412994384765625e+01,-4.610061264038085938e+01
-3.523714065551757812e+01,-3.786877059936523438e+01
3.376245880126953125e+01,-7.265239715576171875e+01
1.353673076629638672e+01,-3.539638519287109375e+01
-1.621877098083496094e+01,-6.443685913085937500e+01
-1.670604324340820312e+01,1.931753921508789062e+01
-6.366567611694335938e+01,-3.100104713439941406e+01
-2.686735534667968750e+01,-3.380858230590820312e+01
-1.731214714050292969e+01,-2.453218460083007812e+01
-5.199002075195312500e+01,-2.534563446044921875e+01
-6.304897308349609375e+01,6.201317906379699707e-01
-3.159277153015136719e+01,9.450978279113769531e+00
-3.146429252624511719e+01,-4.462680816650390625e+01
1.394335079193115234e+01,-7.297400951385498047e+00
-3.417970657348632812e+01,2.440625190734863281e+00
-3.500846385955810547e+00,-9.518812561035156250e+01
-3.772608566284179688e+01,-2.345112228393554688e+01
-2.754458045959472656e+01,-7.255889129638671875e+01
3.947142601013183594e+00,-5.282755661010742188e+01
3.370191955566406250e+01,2.638309717178344727e+00
-5.019176864624023438e+01,-6.106179714202880859e+00
1.121492767333984375e+01,-2.082767486572265625e+01
-3.296630096435546875e+01,7.513107776641845703e+00
-3.625624084472656250e+01,-1.857737541198730469e+01
-5.329621887207031250e+01,-6.227888107299804688e+01
2.244790267944335938e+01,-2.547234916687011719e+01
5.718378543853759766e+00,3.936982899904251099e-02
-4.583007049560546875e+01,-3.827978897094726562e+01
-6.185816192626953125e+01,-3.542290496826171875e+01
-1.648344612121582031e+01,5.633363723754882812e+00
3.733285140991210938e+01,-2.088080215454101562e+01
-3.232236623764038086e+00,1.826752471923828125e+01
-5.046123504638671875e+01,-2.240765953063964844e+01
2.957591819763183594e+01,-2.781966209411621094e+01
-6.366437530517578125e+01,-2.046561622619628906e+01
3.564524888992309570e+00,3.398834228515625000e+00
-6.726522064208984375e+01,-3.241584396362304688e+01
-3.399132919311523438e+01,-1.423042964935302734e+01
-3.271004486083984375e+01,-2.030103111267089844e+01
3.953110504150390625e+01,-5.914095687866210938e+01
-4.576301193237304688e+01,-1.081712913513183594e+01
-5.249935531616210938e+01,9.086612701416015625e+00
-9.721548080444335938e+00,-5.372777938842773438e+01
-2.167521238327026367e+00,-2.315534973144531250e+01
-1.130290603637695312e+01,8.549889564514160156e+00
-5.761123657226562500e+01,1.558255290985107422e+01
6.002867221832275391e+00,-5.644537734985351562e+01
2.100465011596679688e+01,-5.403589248657226562e+01
-8.283821940422058105e-01,-8.923220825195312500e+01
-3.226031112670898438e+01,-4.881852340698242188e+01
-4.341316223144531250e+01,1.857102012634277344e+01
-5.729447937011718750e+01,4.448046982288360596e-01
-6.305026245117187500e+01,-3.641835021972656250e+01
5.551873016357421875e+01,-8.701262474060058594e+00
-4.430825805664062500e+01,3.888325929641723633e+00
-2.434070205688476562e+01,-3.839128875732421875e+01
-4.881114196777343750e+01,-1.792399787902832031e+01
-1.890864944458007812e+01,-3.717982864379882812e+01
-2.654485511779785156e+01,-1.773297691345214844e+01
-2.852427482604980469e+01,-4.166625595092773438e+01
-2.263764572143554688e+01,1.001249694824218750e+01
3.732437133789062500e+01,-6.472392272949218750e+01
3.435680007934570312e+01,-4.853581428527832031e+00
-4.957439804077148438e+01,-3.055837249755859375e+01
-6.190820336341857910e-01,-1.565969371795654297e+01
1.840276527404785156e+01,-3.910344839096069336e+00
-5.015999984741210938e+01,-4.501692581176757812e+01
-2.188003158569335938e+01,-7.048571777343750000e+01
6.801822662353515625e+01,-4.166653060913085938e+01
-3.191722869873046875e+01,-3.766466140747070312e+01
-5.534282684326171875e+01,-1.628098678588867188e+01
8.171585083007812500e+00,9.809979438781738281e+00
-7.886269378662109375e+01,-3.502053833007812500e+01
-8.756909370422363281e+00,3.786134243011474609e+00
-4.200516891479492188e+01,-1.465414237976074219e+01
1.857275390625000000e+01,1.281386017799377441e+00
2.718201828002929688e+01,-2.002837181091308594e+01
-6.241161823272705078e+00,2.221192359924316406e+01
1.793212699890136719e+01,-7.682124376296997070e-01
-2.363633728027343750e+01,-2.122996902465820312e+01
2.344689941406250000e+01,-8.428626060485839844e+00
1.813494873046875000e+01,-5.831829452514648438e+01
-2.162854766845703125e+01,-3.541585922241210938e+01
-5.518802261352539062e+01,1.711257743835449219e+01
5.988627076148986816e-01,-9.085605621337890625e+01
-5.246858978271484375e+01,-3.644601440429687500e+01
9.383926391601562500e+00,-2.654784011840820312e+01
-4.563213586807250977e-01,-4.117848205566406250e+01
1.290894031524658203e+01,-5.370154571533203125e+01
-3.521071624755859375e+01,-4.562387084960937500e+01
-7.247348022460937500e+01,-2.619190454483032227e+00
3.634341049194335938e+01,-2.906065750122070312e+01
3.466723251342773438e+01,4.396650791168212891e+00
-6.356101989746093750e+00,-3.800551605224609375e+01
-3.515762329101562500e+01,-5.159030914306640625e+00
-5.934128952026367188e+01,6.142295360565185547e+00
-4.445631408691406250e+01,-3.664283752441406250e+00
-6.446631622314453125e+01,-2.449879074096679688e+01
-3.570095300674438477e+00,-8.680197143554687500e+01
-2.543340682983398438e+01,-2.449644088745117188e+00
-5.421424484252929688e+01,-6.167391586303710938e+01
-6.867344665527343750e+01,-3.720244979858398438e+01
1.277604579925537109e+01,5.602447390556335449e-01
2.241753196716308594e+01,-7.094825267791748047e+00
-4.279381179809570312e+01,-1.054755783081054688e+01
5.880141830444335938e+01,-4.559083938598632812e+01
-3.304707336425781250e+01,-6.813589477539062500e+01
-4.903984451293945312e+01,5.955798178911209106e-02
1.052967929840087891e+01,-2.407940864562988281e+01
1.820941352844238281e+01,-2.182035255432128906e+01
-6.183693313598632812e+01,-1.516161441802978516e+01
-2.016529846191406250e+01,-2.681271743774414062e+01
1.291740226745605469e+01,-7.925394058227539062e+00
-2.319353866577148438e+01,-1.724585151672363281e+01
2.714410400390625000e+01,-1.363362979888916016e+01
-3.576790237426757812e+01,-2.980138587951660156e+01
5.772533416748046875e+01,-5.790097045898437500e+01
9.268277168273925781e+00,-7.567284393310546875e+01
1.051726818084716797e+01,1.119524860382080078e+01
4.317127227783203125e+00,-2.537527465820312500e+01
-5.270481491088867188e+01,-2.669509696960449219e+01
-6.852046012878417969e+00,-1.309028720855712891e+01
-1.336711525917053223e+00,-7.874154663085937500e+01
3.242627143859863281e+00,-3.190834808349609375e+01
3.295165252685546875e+01,-6.347569656372070312e+01
-3.613159942626953125e+01,-4.098069763183593750e+01
-1.284656047821044922e+01,-6.186361312866210938e+01
-5.114314651489257812e+01,-3.014394187927246094e+01
-1.110688686370849609e+01,6.990541934967041016e+00
-3.729637908935546875e+01,-1.588667201995849609e+01
-1.001987743377685547e+01,5.533892154693603516e+00
-9.738632202148437500e+00,-3.267081081867218018e-01
-3.827552318572998047e+00,-5.498382568359375000e+01
-5.239633560180664062e+01,3.014751672744750977e+00
-1.443736362457275391e+01,5.580786228179931641e+00
6.355171585083007812e+01,-2.966964530944824219e+01
-9.632475852966308594e+00,-4.945917606353759766e+00
7.466977119445800781e+00,1.101708602905273438e+01
7.874119758605957031e+00,-2.261678886413574219e+01
-3.804451704025268555e+00,-2.807804107666015625e+00
4.559885406494140625e+01,-8.188390731811523438e+00
-2.496796846389770508e+00,-4.474283218383789062e+01
-5.232146835327148438e+01,-9.662542939186096191e-01
-4.466359329223632812e+01,1.454138040542602539e+00
-6.698574066162109375e+01,-3.862063217163085938e+01
1.733324432373046875e+01,-1.763537979125976562e+01
-6.399529933929443359e+00,-9.293328857421875000e+01
6.595196723937988281e+00,-4.564373397827148438e+01
2.964294242858886719e+01,-3.068717193603515625e+01
-4.586318969726562500e+01,-4.309190368652343750e+01
-3.270801162719726562e+01,1.695757508277893066e-01
1.531551361083984375e+01,-8.254280853271484375e+01
-5.115192890167236328e+00,-9.044458770751953125e+01
-3.450976562500000000e+01,4.140827655792236328e+00
3.490068435668945312e+01,-3.350680541992187500e+01
1.353486251831054688e+01,-7.152012634277343750e+01
-5.983456134796142578e+00,-5.316032791137695312e+01
-1.606167221069335938e+01,-4.986212158203125000e+01
1.743676662445068359e+00,-3.256312942504882812e+01
-7.260207653045654297e+00,-5.781028366088867188e+01
-1.019758796691894531e+01,-1.533036041259765625e+01
2.264060401916503906e+01,5.821852493286132812e+01
-6.657690429687500000e+01,-1.634035110473632812e+01
-2.569925498962402344e+01,-2.448722839355468750e+01
-5.659323883056640625e+01,-5.156232357025146484e+00
-1.975830078125000000e+01,-2.526701736450195312e+01
-3.085015678405761719e+01,-3.309405899047851562e+01
2.170104408264160156e+01,3.018505334854125977e+00
-1.180891227722167969e+01,-8.232896804809570312e+00
-2.216294479370117188e+01,-2.804201126098632812e+01
-3.672317504882812500e+01,-1.174061298370361328e+01
-1.823241996765136719e+01,-4.677758026123046875e+01
2.064176559448242188e+01,1.345762634277343750e+01
-7.520274353027343750e+01,-2.355913352966308594e+01
3.977558898925781250e+01,-4.738861846923828125e+01
1.093020343780517578e+01,5.088603591918945312e+01
-3.428664779663085938e+01,-2.673849868774414062e+01
-1.003195381164550781e+01,-2.289568328857421875e+01
-3.490153503417968750e+01,2.143129348754882812e+01
2.144580602645874023e+00,-5.412457656860351562e+01
9.565975189208984375e+00,-4.372307205200195312e+01
6.493192911148071289e-01,-6.484680175781250000e+01
-6.054586410522460938e+01,-1.975127601623535156e+01
-3.056427574157714844e+01,-6.736428260803222656e+00
-7.526489734649658203e+00,-3.100723838806152344e+01
-1.877560997009277344e+01,1.985577392578125000e+01
-5.065596008300781250e+01,-6.407297515869140625e+01
3.972951126098632812e+01,-2.284447669982910156e+01
-4.896051025390625000e+01,-2.043656730651855469e+01
-3.311506271362304688e+01,-6.351758193969726562e+01
5.958441925048828125e+01,-6.246289825439453125e+01
-1.877043151855468750e+01,6.088402271270751953e+00
4.083564758300781250e+00,-6.325442123413085938e+01
8.012296676635742188e+00,-2.881296730041503906e+01
-1.477676677703857422e+01,-3.283629989624023438e+01
-5.461898422241210938e+01,1.804847145080566406e+01
7.281882762908935547e+00,-7.465365600585937500e+01
-2.018710517883300781e+01,-4.555503082275390625e+01
-6.601661682128906250e+01,-2.093556594848632812e+01
1.582504558563232422e+01,-4.243269920349121094e+00
7.613085174560546875e+01,-5.118879318237304688e+00
-5.459258270263671875e+01,-4.525182723999023438e+00
-5.228661727905273438e+01,1.115871715545654297e+01
3.265676879882812500e+01,-9.489039421081542969e+00
-2.836862564086914062e+01,5.373467445373535156e+00
-3.601778793334960938e+01,-7.512878894805908203e+00
-2.607779121398925781e+01,-6.493708801269531250e+01
-2.777225303649902344e+01,-2.079223442077636719e+01
-3.560498428344726562e+01,-4.368070220947265625e+01
-3.413172149658203125e+01,2.022303009033203125e+01
-2.777608299255371094e+01,-2.491949081420898438e+01
2.683221340179443359e+00,-4.379726791381835938e+01
-2.901413536071777344e+01,-7.407392883300781250e+01
-4.084861278533935547e+00,2.003756332397460938e+01
-4.061292266845703125e+01,-7.168222427368164062e+00
-3.915135955810546875e+01,-3.262705230712890625e+01
-4.545901107788085938e+01,-2.410847187042236328e+00
-1.544422817230224609e+01,1.847032165527343750e+01
4.887623596191406250e+01,-1.768938636779785156e+01
2.277342796325683594e+01,-5.454601287841796875e+01
-1.745624732971191406e+01,-1.948886299133300781e+01
1.671940803527832031e+01,4.874744415283203125e+01
-1.455716514587402344e+01,-3.064657211303710938e+01
2.526213526725769043e-01,-7.549742889404296875e+01
-3.402467346191406250e+01,1.622348022460937500e+01
2.053534317016601562e+01,-9.599690437316894531e+00
2.189734935760498047e+00,-5.604334259033203125e+01
-6.864916229248046875e+01,-2.348143577575683594e+01
-2.146314048767089844e+01,-7.550662231445312500e+01
-3.867556381225585938e+01,-8.231960296630859375e+00
2.916887664794921875e+01,5.341949844360351562e+01
2.250744438171386719e+01,1.622490692138671875e+01
-1.860129356384277344e+01,-9.098082542419433594e+00
-1.621148681640625000e+01,-7.675202941894531250e+01
-1.639596748352050781e+01,-1.567069435119628906e+01
-1.217190361022949219e+01,-4.711645507812500000e+01
1.824088287353515625e+01,-1.220722389221191406e+01
-4.740224838256835938e+01,-1.597594070434570312e+01
-3.158231925964355469e+01,1.147715091705322266e+01
-4.865263748168945312e+01,-3.266706466674804688e+01
-1.725143241882324219e+01,-7.751165008544921875e+01
-4.987890625000000000e+01,-3.773747253417968750e+01
-1.546922087669372559e+00,-5.084957885742187500e+01
6.088715744018554688e+01,-6.332881546020507812e+01
-6.315058898925781250e+01,-4.441161727905273438e+01
-1.768979454040527344e+01,-4.891823232173919678e-01
-2.788652420043945312e+00,8.140111923217773438e+00
-5.010408020019531250e+01,4.500730991363525391e+00
2.450050926208496094e+01,-7.399582672119140625e+01
-3.853540420532226562e+01,1.642511558532714844e+01
1.516302108764648438e+01,-1.878103256225585938e+01
2.330308914184570312e+01,4.011282444000244141e+00
-2.212408065795898438e+01,-7.176069641113281250e+01
7.207253932952880859e+00,-1.400697135925292969e+01
4.787448883056640625e+01,-1.660386848449707031e+01
-3.257633590698242188e+01,-7.447322368621826172e+00
-2.562094306945800781e+01,-3.586008071899414062e+00
-3.712767839431762695e+00,-2.016553115844726562e+01
1.861015319824218750e+01,-8.544948577880859375e+01
2.572565841674804688e+01,-3.806118011474609375e+01
2.824411010742187500e+01,-7.159295654296875000e+01
-2.460889053344726562e+01,-7.086106872558593750e+01
-5.505488204956054688e+01,-2.898151206970214844e+01
-1.616401481628417969e+01,4.818306565284729004e-01
-6.328233337402343750e+01,-1.857528305053710938e+01
-4.769172286987304688e+01,-7.837490439414978027e-01
5.614599704742431641e+00,2.341671180725097656e+01
-6.586203002929687500e+01,1.145671081542968750e+01
2.618325424194335938e+01,2.826441383361816406e+01
1.192986679077148438e+01,-7.892292022705078125e+01
-1.479781723022460938e+01,-7.497084045410156250e+01
2.446859836578369141e+00,-8.049762725830078125e+01
-6.559657287597656250e+01,-3.341143417358398438e+01
-1.340490818023681641e+01,-7.411181640625000000e+01
-2.468598556518554688e+01,-5.641211032867431641e+00
-3.871413421630859375e+01,-3.429229354858398438e+01
3.274980545043945312e+01,3.060154724121093750e+01
-1.723838615417480469e+01,-3.912971115112304688e+01
-6.347582244873046875e+01,-7.302539348602294922e-01
1.999667739868164062e+01,-3.354068517684936523e+00
-6.724634552001953125e+01,-4.118445968627929688e+01
3.514329528808593750e+01,1.981586933135986328e+00
-8.717957496643066406e+00,-1.035487937927246094e+01
1.177276039123535156e+01,-2.431437683105468750e+01
-9.635713577270507812e+00,1.147894477844238281e+01
1.735948181152343750e+01,1.200037193298339844e+01
-7.421853637695312500e+01,-1.811198472976684570e+00
-3.548404312133789062e+01,-2.816332817077636719e+01
-4.482838058471679688e+01,-4.872621917724609375e+01
1.155265903472900391e+01,-3.645442962646484375e+01
-7.391017150878906250e+01,-1.512528419494628906e+01
-4.317716598510742188e+01,-1.234986114501953125e+01
2.048519706726074219e+01,5.589722633361816406e+00
-1.041265678405761719e+01,2.394282722473144531e+01
-4.955711746215820312e+01,-3.979976654052734375e+01
-5.913891792297363281e+00,-9.453894805908203125e+01
-3.463274002075195312e+01,-6.049913024902343750e+01
7.053077697753906250e+01,-1.136314392089843750e+01
1.890787315368652344e+01,-1.527062654495239258e+00
1.735247039794921875e+01,-4.703646850585937500e+01
-3.089539146423339844e+01,-1.002115821838378906e+01
-3.014081382751464844e+01,-6.213283538818359375e+01
-2.827735137939453125e+01,-6.127775192260742188e+01
-7.332320404052734375e+01,-2.384311103820800781e+01
1.616948127746582031e+01,-2.949144363403320312e+01
-7.091011047363281250e+01,-3.813788986206054688e+01
-6.602096557617187500e+01,-4.356415176391601562e+01
-5.553578853607177734e+00,-3.020639991760253906e+01
-2.151060485839843750e+01,1.051638889312744141e+01
-3.053653335571289062e+01,-4.945981597900390625e+01
-1.923368072509765625e+01,-2.833560371398925781e+01
-4.139216613769531250e+01,-2.950244903564453125e+00
-3.167606925964355469e+01,1.946729660034179688e+01
-6.737795257568359375e+01,-3.614168167114257812e+01
-2.694332122802734375e+00,-8.825790405273437500e+01
-3.918416213989257812e+01,1.409983825683593750e+01
-5.364173889160156250e+01,-9.093991279602050781e+00
-9.130619049072265625e+00,-2.000848007202148438e+01
-7.079035186767578125e+01,-3.359474182128906250e+00
-4.158024215698242188e+01,-2.817295646667480469e+01
1.452856826782226562e+01,-2.726988983154296875e+01
-3.697934341430664062e+01,3.881453037261962891e+00
-4.855308532714843750e+01,1.118963336944580078e+01
1.043408966064453125e+01,-7.573888397216796875e+01
-1.472462081909179688e+01,-4.901603698730468750e+01
-4.057178115844726562e+01,-2.963926887512207031e+01
-6.598131561279296875e+01,-1.824975013732910156e+01
-4.600295722484588623e-01,-5.288460540771484375e+01
-4.054096221923828125e+01,1.781980514526367188e+01
-2.526331710815429688e+01,-1.078268146514892578e+01
-1.819130706787109375e+01,-2.653080940246582031e+00
6.868009948730468750e+01,-1.600939750671386719e+01
2.538020133972167969e+01,-3.177942466735839844e+01
-5.970938110351562500e+01,-2.121608352661132812e+01
-2.212475395202636719e+01,-1.575198078155517578e+01
2.295296859741210938e+01,1.052382278442382812e+01
1.632981109619140625e+01,-2.058326721191406250e+01
-1.435783576965332031e+01,-3.842984390258789062e+01
-9.860948562622070312e+00,-7.527397632598876953e+00
-5.944611740112304688e+01,-3.539050292968750000e+01
7.007472991943359375e+01,-7.427234649658203125e+00
-3.885619735717773438e+01,2.020471191406250000e+01
-7.058200073242187500e+01,-3.427935409545898438e+01
-3.409606933593750000e+01,-4.987246704101562500e+01
-5.281476593017578125e+01,1.140924811363220215e+00
5.376369476318359375e+01,-6.169863510131835938e+01
-3.249077224731445312e+01,-5.194252395629882812e+01
-1.520576286315917969e+01,-1.622207260131835938e+01
2.587576866149902344e+01,-2.946671867370605469e+01
-7.216719818115234375e+01,-1.731003379821777344e+01
3.016581916809082031e+01,3.341269302368164062e+01
-2.179306793212890625e+01,-6.836047363281250000e+01
-6.230903148651123047e+00,-8.393984222412109375e+01
-1.634602165222167969e+01,-4.099000167846679688e+01
-4.047801208496093750e+01,2.286556625366210938e+01
3.037954902648925781e+01,-7.424118041992187500e+01
-8.640472412109375000e+00,-1.698929786682128906e+01
2.395867156982421875e+01,-2.287564849853515625e+01
-1.113621520996093750e+01,-9.195355772972106934e-01
1.789952659606933594e+01,4.552960872650146484e+00
-3.010693359375000000e+01,-1.197430706024169922e+01
-3.655762481689453125e+01,-1.342042827606201172e+01
4.091234588623046875e+01,-5.799370956420898438e+01
-3.611396026611328125e+01,1.838750267028808594e+01
1.976740646362304688e+01,-8.003025054931640625e+01
-4.627068328857421875e+01,-3.185366630554199219e+01
-3.316633224487304688e+01,-2.444161415100097656e+01
-4.520654296875000000e+01,-6.456230640411376953e+00
-4.557720184326171875e+01,1.328724479675292969e+01
-2.868261146545410156e+01,7.044166564941406250e+00
-3.891273117065429688e+01,-2.321191549301147461e+00
-1.736345481872558594e+01,-6.596414947509765625e+01
-3.497629547119140625e+01,9.635284423828125000e+00
-3.105470085144042969e+01,-3.182369232177734375e+01
7.880642414093017578e+00,-5.590708923339843750e+01
-5.799826049804687500e+01,-2.762336921691894531e+01
-2.446169853210449219e+01,-1.889760971069335938e+01
-1.203278827667236328e+01,1.059987735748291016e+01
-1.640746688842773438e+01,-8.149931335449218750e+01
-7.766297912597656250e+01,-3.510784912109375000e+01
6.947708129882812500e-01,-4.164788818359375000e+01
-3.578784561157226562e+01,-2.498997497558593750e+01
3.017808723449707031e+01,1.567768383026123047e+01
-4.537099456787109375e+01,-4.072984313964843750e+01
6.329813003540039062e+01,-2.137409400939941406e+01
-2.018745994567871094e+01,1.205888652801513672e+01
5.137451553344726562e+01,-1.627734756469726562e+01
5.717800521850585938e+01,-5.912451553344726562e+01
4.057119846343994141e+00,1.908137440681457520e+00
1.981632041931152344e+01,-7.016756439208984375e+01
-2.763042831420898438e+01,-7.610942077636718750e+01
7.279049396514892578e+00,-5.438990783691406250e+01
1.550485706329345703e+01,-4.621214675903320312e+01
5.825052642822265625e+01,-1.938058280944824219e+01
-7.899963378906250000e+00,-8.362968444824218750e+01
-1.324569106101989746e+00,-2.219432830810546875e+01
1.214808273315429688e+01,-6.109991455078125000e+01
2.951371765136718750e+01,-6.325070571899414062e+01
2.091654968261718750e+01,3.886116790771484375e+01
4.593954086303710938e+01,1.769182443618774414e+00
2.451463699340820312e+01,4.257288360595703125e+01
1.497928428649902344e+01,-3.868315887451171875e+01
3.104341697692871094e+01,-4.839535903930664062e+01
6.520442962646484375e+00,-4.820616531372070312e+01
3.618732452392578125e+01,-5.074936676025390625e+01
3.809808194637298584e-01,1.922115135192871094e+01
2.103342628479003906e+01,-4.987911605834960938e+01
1.594490242004394531e+01,1.015266990661621094e+01
2.130890083312988281e+01,-6.155978012084960938e+01
-6.007144927978515625e+00,-3.606934356689453125e+01
-7.565453338623046875e+01,-1.560754966735839844e+01
-1.958651924133300781e+01,-8.060795593261718750e+01
5.959120178222656250e+01,-2.117110633850097656e+01
5.706800079345703125e+01,-4.189219665527343750e+01
1.863377189636230469e+01,-8.165938568115234375e+01
-4.756401851773262024e-02,-7.821408843994140625e+01
1.330111598968505859e+01,-1.669052314758300781e+01
1.378999710083007812e+00,-8.295817565917968750e+01
3.991678237915039062e+01,-1.398313426971435547e+01
-1.469240856170654297e+01,-6.314324569702148438e+01
4.612661361694335938e+01,-4.820967864990234375e+01
5.768526458740234375e+01,-4.485051727294921875e+01
4.055664062500000000e+01,1.663990616798400879e+00
3.971887588500976562e+01,-6.687147140502929688e+00
1.512384319305419922e+01,-6.983374786376953125e+01
4.582750701904296875e+01,1.234989929199218750e+01
6.429053497314453125e+01,-1.271555328369140625e+01
2.517122077941894531e+01,-5.648937988281250000e+01
4.466463470458984375e+01,1.385090255737304688e+01
4.122089767456054688e+01,-4.491485595703125000e+00
3.017342567443847656e+01,-4.947782135009765625e+01
3.729350662231445312e+01,-3.991353225708007812e+01
2.523163604736328125e+01,2.646348190307617188e+01
2.743665885925292969e+01,-2.974722099304199219e+01
4.854833221435546875e+01,-5.862353897094726562e+01
-4.749219894409179688e+00,-5.580310821533203125e+00
4.099357986450195312e+01,-4.741758346557617188e+01
4.380273818969726562e+01,-1.052642917633056641e+01
4.303536987304687500e+01,-4.322680950164794922e+00
2.949237442016601562e+01,-3.783526229858398438e+01
1.846148490905761719e+01,-7.607009887695312500e+01
7.738076210021972656e+00,-6.419420623779296875e+01
4.055329895019531250e+01,-3.152670478820800781e+01
4.250981903076171875e+01,-3.928706359863281250e+01
3.538602828979492188e+01,-3.867123794555664062e+01
5.084709167480468750e+01,-5.950809860229492188e+01
4.541091156005859375e+01,-6.598255157470703125e+01
6.396820831298828125e+01,-2.638505935668945312e+01
3.227628326416015625e+01,1.526066970825195312e+01
6.280468368530273438e+01,-9.210282325744628906e+00
6.081969833374023438e+01,-2.665588760375976562e+01
3.425339889526367188e+01,-5.929914474487304688e+01
4.112266540527343750e+01,-1.793687629699707031e+01
5.930655002593994141e+00,2.225687789916992188e+01
1.092723846435546875e+01,-9.285107612609863281e+00
4.151444244384765625e+01,-4.401066005229949951e-01
4.173073959350585938e+01,-1.487756061553955078e+01
2.180229187011718750e+01,-4.375556182861328125e+01
4.790520858764648438e+01,3.566954612731933594e+00
4.118519592285156250e+01,-6.873188781738281250e+01
6.371601867675781250e+01,-2.416764831542968750e+01
5.673707962036132812e+01,-1.550804424285888672e+01
3.505489349365234375e+01,-5.023108673095703125e+01
6.469982624053955078e+00,2.825135040283203125e+01
6.349295806884765625e+01,-7.467605590820312500e+00
3.105602073669433594e+01,-6.211524963378906250e+01
1.933433914184570312e+01,-4.941639709472656250e+01
3.576432800292968750e+01,2.977206230163574219e+01
7.674368858337402344e+00,-7.907505798339843750e+01
4.937927246093750000e+00,-5.189830780029296875e+00
1.332977771759033203e+00,-3.960743713378906250e+01
2.345541763305664062e+01,-6.184981536865234375e+01
1.875460624694824219e+01,-4.096283340454101562e+01
-9.470030784606933594e+00,-3.075012207031250000e+01
2.836233329772949219e+01,-5.428136825561523438e+01
5.661674499511718750e+00,-2.631125926971435547e+00
4.570575714111328125e+01,-4.712023925781250000e+01
4.755364608764648438e+01,-2.093125152587890625e+01
1.942809486389160156e+01,-6.064992141723632812e+01
3.032239913940429688e+01,-5.490182495117187500e+01
5.173233413696289062e+01,5.013609409332275391e+00
6.337435245513916016e+00,-6.376923751831054688e+01
2.021121406555175781e+01,-4.480353546142578125e+01
4.341310501098632812e+01,-2.935592079162597656e+01
4.703593063354492188e+01,-6.914894866943359375e+01
-1.970436286926269531e+01,-7.233251190185546875e+01
5.062184143066406250e+01,4.017123699188232422e+00
5.673295593261718750e+01,-1.667431640625000000e+01
2.635865020751953125e+01,-5.732691955566406250e+01
4.313694000244140625e+01,-5.690105819702148438e+01
5.542844390869140625e+01,-6.829833507537841797e+00
3.814236068725585938e+01,-6.140571212768554688e+01
3.366420745849609375e+01,2.969561576843261719e+01
6.661901855468750000e+01,-1.463998889923095703e+01
2.380219459533691406e+01,2.485156059265136719e+01
-1.506131172180175781e+01,2.310890007019042969e+01
3.696116924285888672e+00,-8.119529724121093750e+01
3.346862030029296875e+01,1.569467926025390625e+01
1.355628013610839844e+01,-4.561457824707031250e+01
5.040628051757812500e+01,-3.593378448486328125e+01
-1.141362571716308594e+01,2.478067779541015625e+01
-2.591200828552246094e+01,-7.309777832031250000e+01
-3.779952621459960938e+01,-5.054053497314453125e+01
-3.164484405517578125e+01,-6.362672424316406250e+01
-3.348725795745849609e+00,-6.471433162689208984e+00
2.464841842651367188e+01,4.581703948974609375e+01
2.749794960021972656e+01,-7.303097534179687500e+01
6.116908264160156250e+01,-4.773976516723632812e+01
3.406629562377929688e+01,-2.042655372619628906e+01
5.528833389282226562e+01,-4.619587707519531250e+01
5.114667129516601562e+01,-7.003651618957519531e+00
6.981479644775390625e+00,2.696880340576171875e+01
4.547160720825195312e+01,-5.714396286010742188e+01
4.782089233398437500e+01,-6.786724090576171875e+01
3.346978378295898438e+01,-6.197922134399414062e+01
1.443595695495605469e+01,5.270030975341796875e+00
-3.983712196350097656e+00,-6.780709075927734375e+01
2.523360252380371094e+01,-4.699390792846679688e+01
6.886683654785156250e+01,-7.003987312316894531e+00
3.405479049682617188e+01,-3.968111801147460938e+01
4.425686645507812500e+01,-3.362224578857421875e+01
4.799563407897949219e+00,-8.273530960083007812e+00
5.076289367675781250e+01,-3.104482078552246094e+01
4.680599975585937500e+01,-2.262486457824707031e+01
-3.953417539596557617e+00,-8.206165313720703125e+01
-1.773652076721191406e+01,-7.282409667968750000e+00
2.518523597717285156e+01,-2.027944374084472656e+01
6.560992431640625000e+01,-2.604182815551757812e+01
1.350336742401123047e+01,-8.080982971191406250e+01
6.867292022705078125e+01,-4.242051696777343750e+01
1.515208721160888672e+01,5.185893630981445312e+01
-1.015193462371826172e+00,-1.417404079437255859e+01
4.184030914306640625e+01,-9.626506805419921875e+00
3.865116119384765625e+01,-3.229206466674804688e+01
3.707143020629882812e+01,-3.324779129028320312e+01
5.377563858032226562e+01,-4.773077964782714844e+00
2.303732681274414062e+01,-1.755759429931640625e+01
5.087927627563476562e+01,-3.245358657836914062e+01
7.128446960449218750e+01,-2.844033050537109375e+01
2.396884155273437500e+01,-2.112645149230957031e+01
-1.883414077758789062e+01,-6.983068084716796875e+01
-2.150547409057617188e+01,-4.687262725830078125e+01
4.251843643188476562e+01,-3.114095878601074219e+01
-7.452351570129394531e+00,-2.873022270202636719e+01
5.212401580810546875e+01,-2.401729774475097656e+01
3.163746833801269531e+01,-6.434488296508789062e+00
3.333432006835937500e+01,2.704351043701171875e+01
6.516970062255859375e+01,-1.415075588226318359e+01
3.522673797607421875e+01,-1.333067989349365234e+01
1.498101329803466797e+01,-5.454122924804687500e+01
4.971045303344726562e+01,-7.328399658203125000e+00
3.999621868133544922e+00,5.184400939941406250e+01
1.536725521087646484e+01,-5.567810821533203125e+01
5.809674453735351562e+01,-1.347066211700439453e+01
2.161892700195312500e+01,-7.971462249755859375e+01
1.746919631958007812e+01,-6.923881530761718750e+01
5.349034500122070312e+01,-6.313525772094726562e+01
8.697961807250976562e+00,-4.911873626708984375e+01
4.271284866333007812e+01,-1.170259189605712891e+01
3.659168243408203125e+01,-6.326258850097656250e+01
3.292672729492187500e+01,1.212618160247802734e+01
4.840821838378906250e+01,-1.901945495605468750e+01
3.892894363403320312e+01,-2.096012115478515625e+01
-5.249111652374267578e+00,8.406285285949707031e+00
3.134402084350585938e+01,-7.218574523925781250e+01
7.002610015869140625e+01,-2.804917716979980469e+01
4.523972320556640625e+01,-7.029639434814453125e+01
2.860538864135742188e+01,4.354221343994140625e+01
4.290061569213867188e+01,-6.761193084716796875e+01
4.601143264770507812e+01,-1.146378517150878906e+01
5.715722274780273438e+01,-5.746229171752929688e+00
1.765936088562011719e+01,-3.841617584228515625e+01
3.969352245330810547e+00,-8.757036590576171875e+01
6.513237953186035156e+00,-1.525678634643554688e+01
3.464235305786132812e+01,-1.429864978790283203e+01
